Address_id,address_type,address,city,state,zipcode,contact_id
1,home,,,,75018,1
2,work,90103 Glacier Hill Terrace,Plano,Texas,75003,1
3,home,2287 Sutteridge Park,Dallas,Texas,75062,2
4,work,37 Sommers Hill,Addison,Texas,75006,2
5,home,,,,75029,3
6,home,,,,75099,4
7,work,3 Mccormick Parkway,Allen,Texas,75008,4
8,home,62477 Hovde Hill,Allen,Texas,75061,5
9,work,35836 Banding Way,Richardson,Texas,75004,5
10,home,06 Heffernan Center,Richardson,Texas,,6
11,work,44 Farragut Avenue,Addison,Texas,75009,6
12,home,,,,75031,7
13,home,16515 Nova Hill,Allen,Texas,75041,8
14,work,363 Truax Trail,Addison,Texas,75005,8
15,home,626 Orin Center,Addison,Texas,,9
16,work,17 Clyde Gallagher Alley,Richardson,Texas,75007,9
17,home,6687 Dottie Plaza,Richardson,Texas,75027,10
18,home,8 Luster Terrace,Dallas,Texas,75059,11
19,home,,,,75076,12
20,home,15 Jackson Lane,Allen,Texas,75013,13
21,work,8705 West Junction,Addison,Texas,75008,13
22,home,79254 Pond Center,Dallas,Texas,75083,14
23,home,9 Logan Parkway,Dallas,Texas,75078,15
24,home,65052 Heath Point,Plano,Texas,75046,16
25,home,,,,75005,17
26,work,3522 Butternut Place,Plano,Texas,75001,17
27,home,8 Fuller Road,Addison,Texas,75088,18
28,home,1961 Division Hill,Addison,Texas,,19
29,home,,,,75042,20
30,work,51819 Donald Trail,Richardson,Texas,75002,20
31,home,,,,75060,21
32,home,528 Main Junction,Dallas,Texas,75046,22
33,work,3715 Muir Park,Dallas,Texas,75005,22
34,home,9086 Sommers Crossing,Richardson,Texas,,23
35,work,4 Emmet Junction,Plano,Texas,75004,23
36,home,,,,75099,24
37,home,83 Shoshone Parkway,Plano,Texas,75046,25
38,work,2 Lillian Drive,Addison,Texas,75001,25
39,home,333 Scoville Hill,Allen,Texas,75091,26
40,work,6 Michigan Pass,Dallas,Texas,75004,26
41,home,18894 Division Lane,Richardson,Texas,75083,27
42,work,2408 Riverside Parkway,Plano,Texas,75007,27
43,home,250 2nd Drive,Richardson,Texas,,28
44,home,85701 Basil Road,Allen,Texas,75004,29
45,home,23 Kings Lane,Plano,Texas,75086,30
46,home,4 Maple Trail,Richardson,Texas,,31
47,work,81910 Towne Hill,Plano,Texas,75007,31
48,home,504 Bayside Pass,Dallas,Texas,75060,32
49,home,,,,75009,33
50,home,26 Towne Road,Richardson,Texas,75047,34
51,work,2 Farwell Park,Allen,Texas,75008,34
52,home,9324 Onsgard Parkway,Dallas,Texas,,35
53,work,5031 Service Trail,Dallas,Texas,75003,35
54,home,016 Oak Valley Parkway,Dallas,Texas,,36
55,work,1096 5th Drive,Richardson,Texas,75008,36
56,home,660 Truax Way,Dallas,Texas,75037,37
57,home,75903 Linden Circle,Plano,Texas,75045,38
58,home,36 Alpine Drive,Richardson,Texas,,39
59,work,868 Continental Road,Plano,Texas,75005,39
60,home,6 Muir Circle,Dallas,Texas,75078,40
61,work,66986 Vidon Trail,Richardson,Texas,75003,40
62,home,5395 Becker Drive,Plano,Texas,75011,41
63,work,8 Luster Circle,Addison,Texas,75004,41
64,home,4585 Bluestem Avenue,Plano,Texas,75013,42
65,work,97544 Arizona Crossing,Allen,Texas,75001,42
66,home,9 Orin Alley,Richardson,Texas,75002,43
67,work,3 5th Junction,Dallas,Texas,75008,43
68,home,9274 Spohn Hill,Dallas,Texas,75041,44
69,home,34 Northfield Plaza,Dallas,Texas,75061,45
70,home,825 Dixon Lane,Dallas,Texas,75030,46
71,work,08 Everett Crossing,Plano,Texas,75005,46
72,work,394 Mayfield Drive,Plano,Texas,75002,47
73,home,,,,75071,48
74,home,160 Grasskamp Park,Allen,Texas,75011,49
75,work,7 Talisman Alley,Allen,Texas,75004,49
76,work,3 Redwing Terrace,Dallas,Texas,75006,50
77,home,3681 Schmedeman Park,Allen,Texas,75010,51
78,work,33 Melby Park,Allen,Texas,75003,51
79,home,1330 Thackeray Junction,Plano,Texas,75002,52
80,home,70 Gina Point,Richardson,Texas,,53
81,home,0 Golf View Plaza,Dallas,Texas,75095,54
82,home,22839 Stuart Park,Richardson,Texas,75074,55
83,work,9562 Northfield Park,Plano,Texas,75009,55
84,home,92 Elmside Way,Plano,Texas,,56
85,work,853 Mayfield Place,Allen,Texas,75005,56
86,home,589 Mccormick Parkway,Dallas,Texas,75067,57
87,home,56378 Talisman Drive,Allen,Texas,75032,58
88,work,65588 Claremont Plaza,Plano,Texas,75001,58
89,home,99570 Bayside Parkway,Allen,Texas,,59
90,work,8 Kings Crossing,Allen,Texas,75004,59
91,home,99687 Jenna Circle,Richardson,Texas,75016,60
92,home,9028 Carberry Avenue,Addison,Texas,75011,61
93,work,4 Saint Paul Junction,Dallas,Texas,75006,61
94,home,55 Del Mar Hill,Allen,Texas,75017,62
95,work,095 Hagan Center,Plano,Texas,75003,62
96,home,,,,75041,63
97,work,00 Haas Road,Allen,Texas,75009,64
98,home,72772 Northfield Way,Dallas,Texas,75002,65
99,work,928 Charing Cross Alley,Plano,Texas,75007,65
100,home,11 Donald Plaza,Allen,Texas,75048,66
101,work,3682 American Road,Richardson,Texas,75003,66
102,home,67412 Sundown Parkway,Addison,Texas,,67
103,home,3 Moulton Junction,Addison,Texas,75049,68
104,work,23469 Annamark Center,Richardson,Texas,75002,68
105,home,434 Farwell Plaza,Plano,Texas,75059,69
106,home,08 Fremont Road,Allen,Texas,75048,70
107,work,455 Westend Point,Dallas,Texas,75003,70
108,home,1251 Graceland Point,Dallas,Texas,75051,71
109,home,,,,75023,72
110,home,86545 Tennyson Crossing,Richardson,Texas,75064,73
111,work,9 Mandrake Place,Allen,Texas,75004,73
112,home,1430 Linden Way,Addison,Texas,75040,74
113,work,4 Ilene Junction,Richardson,Texas,75009,74
114,home,2268 Nancy Lane,Richardson,Texas,75081,75
115,home,,,,75022,76
116,work,316 Eagan Circle,Richardson,Texas,75007,76
117,home,840 Kingsford Parkway,Richardson,Texas,75073,77
118,home,4 Sunbrook Avenue,Addison,Texas,75067,78
119,home,8735 Bultman Circle,Dallas,Texas,75094,79
120,home,65183 Delladonna Avenue,Allen,Texas,75079,80
121,work,23 Debra Road,Plano,Texas,75003,80
122,home,89640 Cody Terrace,Richardson,Texas,,81
123,home,12 Butternut Terrace,Richardson,Texas,75006,82
124,home,204 Farwell Avenue,Plano,Texas,75074,83
125,home,1 Anhalt Junction,Dallas,Texas,,84
126,work,82238 Ludington Park,Addison,Texas,75003,84
127,home,933 Debra Terrace,Allen,Texas,75021,85
128,work,005 Derek Terrace,Richardson,Texas,75002,85
129,home,4265 Mayer Junction,Plano,Texas,75053,86
130,work,351 Shelley Court,Richardson,Texas,75001,86
131,home,46 Oakridge Avenue,Richardson,Texas,75059,87
132,work,4 Golf Avenue,Plano,Texas,75007,87
133,home,71 Jay Terrace,Plano,Texas,75055,88
134,home,598 Elmside Drive,Dallas,Texas,75067,89
135,work,7807 Dakota Pass,Addison,Texas,75006,89
136,home,,,,75001,90
137,home,421 8th Drive,Addison,Texas,75004,91
138,work,55 Ridgeway Drive,Addison,Texas,75008,91
139,home,,,,75047,92
140,work,2 Dennis Alley,Dallas,Texas,75002,92
141,home,27 Talmadge Park,Plano,Texas,75034,93
142,home,801 Pleasure Trail,Addison,Texas,75057,94
143,work,852 Burning Wood Pass,Addison,Texas,75005,94
144,home,2449 Pepper Wood Court,Plano,Texas,75055,95
145,home,79761 Carioca Point,Allen,Texas,,96
146,work,6678 Service Circle,Addison,Texas,75008,96
147,home,,,,75093,97
148,home,,,,75033,98
149,home,27015 Nelson Parkway,Richardson,Texas,,99
150,work,5445 Buhler Parkway,Allen,Texas,75003,99
151,home,470 Derek Plaza,Richardson,Texas,75013,100
152,home,622 Iowa Terrace,Allen,Texas,75086,101
153,work,73814 Gerald Park,Plano,Texas,75002,101
154,home,,,,75097,102
155,home,8 Colorado Alley,Dallas,Texas,75094,103
156,home,4 Dwight Court,Richardson,Texas,75072,104
157,home,7 Sugar Parkway,Richardson,Texas,75014,105
158,work,29479 Porter Point,Dallas,Texas,75005,105
159,home,5221 Pearson Parkway,Addison,Texas,,106
160,work,9528 Loftsgordon Junction,Allen,Texas,75003,106
161,home,80 Welch Street,Allen,Texas,75061,107
162,work,3105 Autumn Leaf Court,Plano,Texas,75001,107
163,home,3 Derek Alley,Richardson,Texas,,108
164,work,3175 Green Ridge Court,Richardson,Texas,75008,108
165,home,,,,75003,109
166,work,876 Washington Terrace,Plano,Texas,75004,109
167,home,1409 Loftsgordon Alley,Plano,Texas,75003,110
168,work,92 Mcbride Road,Plano,Texas,75005,110
169,home,3188 Fieldstone Circle,Plano,Texas,75072,111
170,work,738 Commercial Road,Addison,Texas,75002,111
171,home,86 Welch Parkway,Allen,Texas,,114
172,home,210 Victoria Hill,Allen,Texas,,115
173,work,1 Loomis Lane,Richardson,Texas,75002,115
174,work,396 3rd Alley,Allen,Texas,75002,116
175,home,19886 Pine View Terrace,Addison,Texas,75056,117
176,home,24 Welch Avenue,Plano,Texas,75031,118
177,home,0 Karstens Way,Allen,Texas,75088,119
178,work,80574 Eliot Road,Plano,Texas,75001,119
179,home,8101 Jenna Court,Dallas,Texas,75085,120
180,work,5996 Fairview Trail,Richardson,Texas,75005,120
181,home,24 Doe Crossing Court,Dallas,Texas,75028,121
182,home,79 Buena Vista Drive,Allen,Texas,,122
183,home,82883 Ohio Junction,Plano,Texas,,123
184,work,07 Butternut Avenue,Allen,Texas,75005,123
185,home,7595 Rusk Crossing,Dallas,Texas,75097,124
186,home,4 Elmside Park,Addison,Texas,,125
187,home,67 Corscot Drive,Plano,Texas,75098,126
188,work,702 Maple Wood Circle,Allen,Texas,75002,126
189,home,4 Heath Parkway,Addison,Texas,75005,127
190,home,202 Pankratz Terrace,Addison,Texas,75007,128
191,work,7948 Sunbrook Crossing,Allen,Texas,75008,128
192,home,,,,75049,129
193,home,1652 Rowland Plaza,Addison,Texas,75064,130
194,home,84 Sommers Plaza,Addison,Texas,75004,131
195,home,97 Cardinal Road,Dallas,Texas,75027,132
196,home,54 Lakewood Drive,Richardson,Texas,75063,133
197,work,7869 Onsgard Pass,Addison,Texas,75008,134
198,home,3 Gulseth Alley,Addison,Texas,75052,136
199,work,977 2nd Road,Addison,Texas,75006,136
200,home,,,,75044,137
201,work,077 Ilene Terrace,Plano,Texas,75001,137
202,home,207 Fulton Avenue,Dallas,Texas,75094,138
203,work,6 6th Pass,Richardson,Texas,75002,138
204,home,28 Hollow Ridge Lane,Plano,Texas,75068,139
205,home,37 Hauk Avenue,Dallas,Texas,75098,140
206,home,137 Moose Circle,Plano,Texas,75026,141
207,work,83 Namekagon Lane,Dallas,Texas,75001,141
208,home,63832 Shasta Crossing,Plano,Texas,75044,142
209,work,49298 Pierstorff Center,Richardson,Texas,75009,142
210,work,255 Lukken Court,Richardson,Texas,75001,143
211,home,38977 Karstens Lane,Allen,Texas,,144
212,work,62089 Transport Plaza,Plano,Texas,75001,144
213,home,6 Browning Point,Plano,Texas,75097,145
214,work,5874 Granby Alley,Allen,Texas,75008,145
215,home,3785 Heath Pass,Dallas,Texas,75005,146
216,home,8406 Golf Course Trail,Allen,Texas,75033,147
217,work,563 Kedzie Court,Addison,Texas,75004,147
218,home,2 Truax Trail,Addison,Texas,75071,148
219,home,7 Scott Place,Plano,Texas,,150
220,work,0 Blue Bill Park Pass,Allen,Texas,75001,150
221,home,,,,75012,151
222,home,299 Golf View Way,Allen,Texas,75085,152
223,home,003 Morrow Crossing,Allen,Texas,75049,153
224,home,679 Pankratz Lane,Addison,Texas,75052,155
225,home,272 Farmco Lane,Addison,Texas,75003,156
226,work,67 Evergreen Way,Richardson,Texas,75004,156
227,home,3229 Huxley Hill,Richardson,Texas,75091,157
228,work,7390 Brickson Park Junction,Dallas,Texas,75002,158
229,home,168 Eagan Road,Allen,Texas,75018,159
230,home,3037 Center Crossing,Plano,Texas,75043,160
231,work,555 Macpherson Point,Allen,Texas,75009,160
232,home,7 Vermont Terrace,Allen,Texas,,161
233,work,2 Prentice Park,Addison,Texas,75004,161
234,home,90 Elmside Hill,Richardson,Texas,75010,162
235,work,50 John Wall Street,Allen,Texas,75006,162
236,home,,,,75056,163
237,home,9547 Michigan Lane,Addison,Texas,75054,164
238,work,435 Dwight Pass,Plano,Texas,75006,164
239,home,38 Mallard Place,Richardson,Texas,75038,165
240,work,00464 Kenwood Circle,Richardson,Texas,75003,165
241,home,2873 Rusk Crossing,Allen,Texas,75040,166
242,home,9976 Mccormick Terrace,Allen,Texas,,167
243,work,4368 Montana Parkway,Richardson,Texas,75006,167
244,home,66 Hallows Trail,Allen,Texas,,168
245,work,25 Scofield Pass,Allen,Texas,75008,169
246,home,,,,75055,170
247,home,13 Cascade Crossing,Plano,Texas,,171
248,home,48833 Atwood Alley,Addison,Texas,75001,172
249,work,8 Jenifer Terrace,Richardson,Texas,75008,172
250,home,21 Canary Park,Plano,Texas,75018,173
251,work,06606 Cordelia Way,Plano,Texas,75007,173
252,home,,,,75069,174
253,home,6235 Longview Pass,Plano,Texas,,175
254,work,32 Farragut Drive,Dallas,Texas,75009,175
255,home,,,,75025,176
256,work,73397 Blaine Trail,Dallas,Texas,75002,176
257,home,,,,75082,177
258,home,7224 Daystar Pass,Allen,Texas,,178
259,home,35825 Maple Alley,Richardson,Texas,75001,179
260,work,2930 Reindahl Pass,Dallas,Texas,75003,179
261,home,2 Sunfield Street,Plano,Texas,75064,180
262,work,5 Pond Place,Addison,Texas,75008,180
263,home,9 Vahlen Drive,Richardson,Texas,75081,181
264,work,5540 Luster Center,Allen,Texas,75004,181
265,home,2031 School Trail,Addison,Texas,,182
266,home,25234 Transport Drive,Plano,Texas,,183
267,work,95 Barnett Terrace,Dallas,Texas,75009,183
268,home,2 Nova Point,Addison,Texas,75095,184
269,work,719 Kensington Park,Allen,Texas,75009,184
270,home,1 Kropf Circle,Addison,Texas,,185
271,work,1202 Autumn Leaf Street,Addison,Texas,75007,185
272,home,68 Cherokee Way,Addison,Texas,75061,186
273,home,1 Kenwood Road,Richardson,Texas,75064,187
274,home,281 Waxwing Point,Richardson,Texas,75080,188
275,work,4440 Spenser Pass,Allen,Texas,75002,188
276,home,,,,75091,189
277,home,1 Jay Parkway,Plano,Texas,,190
278,home,4 Kinsman Junction,Plano,Texas,75013,191
279,home,3 Karstens Park,Dallas,Texas,75058,192
280,work,0 Porter Place,Dallas,Texas,75001,192
281,home,3396 Claremont Trail,Allen,Texas,75018,193
282,home,04546 Tennyson Alley,Plano,Texas,75027,194
283,home,4 Bunting Plaza,Addison,Texas,75085,195
284,home,7069 Victoria Court,Allen,Texas,,196
285,work,386 Cordelia Crossing,Richardson,Texas,75009,196
286,home,3774 Shoshone Hill,Addison,Texas,75062,197
287,home,,,,75098,198
288,work,46162 Fuller Drive,Dallas,Texas,75005,198
289,home,48 Tony Parkway,Plano,Texas,75083,199
290,work,12259 Ruskin Crossing,Addison,Texas,75008,199
291,home,8 Twin Pines Lane,Richardson,Texas,75032,200
292,home,90 Lakeland Pass,Richardson,Texas,,201
293,work,7321 Declaration Alley,Addison,Texas,75006,201
294,home,091 Old Shore Plaza,Richardson,Texas,75014,202
295,home,8 Sheridan Point,Allen,Texas,,203
296,home,,,,75019,204
297,work,50544 Sutherland Drive,Addison,Texas,75008,204
298,home,41 Lakewood Terrace,Allen,Texas,,205
299,home,,,,75004,206
300,work,74 Thackeray Road,Dallas,Texas,75008,206
301,home,6247 Macpherson Way,Addison,Texas,75061,207
302,work,4155 Holmberg Avenue,Plano,Texas,75003,207
303,home,3 Buell Avenue,Addison,Texas,,208
304,home,054 Mccormick Court,Richardson,Texas,75045,209
305,home,83 Esch Road,Plano,Texas,75048,210
306,work,26 Cardinal Point,Dallas,Texas,75007,210
307,home,85937 Burrows Pass,Addison,Texas,,211
308,home,0 Stuart Road,Dallas,Texas,,212
309,work,59544 Tomscot Pass,Dallas,Texas,75006,212
310,home,,,,75087,213
311,work,66 Valley Edge Terrace,Richardson,Texas,75001,213
312,home,,,,75026,214
313,home,,,,75015,215
314,home,430 Hudson Hill,Allen,Texas,75077,216
315,work,858 Red Cloud Trail,Dallas,Texas,75002,216
316,home,,,,75060,217
317,work,019 Utah Circle,Addison,Texas,75004,217
318,home,5303 Stoughton Circle,Allen,Texas,75012,218
319,work,14 Talisman Street,Allen,Texas,75009,218
320,home,2250 Bunting Point,Addison,Texas,75061,219
321,home,86414 Gateway Alley,Plano,Texas,75082,220
322,home,7 Hagan Parkway,Richardson,Texas,,221
323,home,27 Hovde Place,Addison,Texas,,222
324,work,4 Roth Road,Allen,Texas,75009,222
325,home,88997 Summit Plaza,Addison,Texas,,223
326,work,75 Evergreen Road,Addison,Texas,75005,223
327,home,,,,75052,224
328,home,51 Dexter Drive,Dallas,Texas,75032,225
329,home,,,,75045,226
330,home,812 Hermina Road,Richardson,Texas,75046,227
331,work,644 Towne Junction,Dallas,Texas,75004,227
332,home,267 Russell Park,Addison,Texas,,228
333,home,50 Gale Pass,Plano,Texas,,229
334,work,3387 Old Shore Pass,Richardson,Texas,75005,229
335,home,44995 Johnson Court,Allen,Texas,75003,230
336,home,3 Village Green Parkway,Addison,Texas,75023,231
337,home,,,,75097,232
338,home,0 Rockefeller Hill,Dallas,Texas,,233
339,work,049 Lerdahl Avenue,Plano,Texas,75002,233
340,home,,,,75070,234
341,home,6 Valley Edge Hill,Addison,Texas,75025,235
342,home,390 Kenwood Hill,Richardson,Texas,75023,236
343,home,13429 Northport Circle,Richardson,Texas,75051,238
344,home,90 Canary Crossing,Richardson,Texas,,239
345,work,49001 Superior Place,Addison,Texas,75004,239
346,home,3595 Huxley Way,Addison,Texas,75052,240
347,home,67573 Judy Junction,Allen,Texas,,241
348,work,2975 Clemons Junction,Allen,Texas,75002,241
349,home,50 Sycamore Plaza,Addison,Texas,75030,242
350,work,40898 Sunbrook Junction,Plano,Texas,75009,242
351,home,762 Roxbury Alley,Allen,Texas,75046,243
352,work,58664 Florence Center,Addison,Texas,75003,243
353,home,33 Hintze Center,Richardson,Texas,75089,244
354,work,8 Little Fleur Road,Richardson,Texas,75006,244
355,home,16 Knutson Pass,Allen,Texas,,245
356,home,,,,75026,246
357,work,48607 Pankratz Crossing,Dallas,Texas,75008,247
358,home,5357 7th Road,Addison,Texas,,248
359,work,960 Sunnyside Hill,Dallas,Texas,75009,248
360,home,,,,75040,249
361,work,71 Gerald Road,Dallas,Texas,75007,249
362,home,5 Jana Alley,Richardson,Texas,75063,250
363,home,57366 Hayes Pass,Addison,Texas,75065,251
364,work,9 Declaration Street,Richardson,Texas,75005,251
365,home,07 Kenwood Plaza,Allen,Texas,75014,252
366,work,12969 Lighthouse Bay Lane,Addison,Texas,75005,252
367,home,830 Mccormick Drive,Plano,Texas,75012,253
368,work,0615 Hooker Way,Richardson,Texas,75002,253
369,home,440 Harper Parkway,Addison,Texas,75095,254
370,work,8412 Anhalt Road,Richardson,Texas,75001,254
371,home,6821 8th Pass,Dallas,Texas,,255
372,work,00752 Carey Avenue,Addison,Texas,75006,255
373,home,8067 Bayside Parkway,Plano,Texas,,256
374,work,7529 Upham Drive,Allen,Texas,75009,256
375,home,42330 Hooker Parkway,Allen,Texas,75073,257
376,work,1 Paget Trail,Addison,Texas,75001,258
377,home,27 Lotheville Road,Dallas,Texas,,259
378,home,81 Talisman Point,Allen,Texas,75010,260
379,home,0 Oakridge Center,Plano,Texas,,261
380,home,9113 Dakota Crossing,Richardson,Texas,75083,262
381,work,21 Summit Terrace,Addison,Texas,75005,262
382,home,94 Forest Park,Dallas,Texas,,263
383,work,6 Fremont Park,Allen,Texas,75009,263
384,home,,,,75038,264
385,work,1 Prentice Terrace,Addison,Texas,75008,264
386,home,4553 Moulton Center,Richardson,Texas,,265
387,work,93 Waywood Way,Richardson,Texas,75009,265
388,home,87 Warrior Center,Allen,Texas,,266
389,work,1 Drewry Alley,Allen,Texas,75006,266
390,home,,,,75019,267
391,work,61216 Tony Lane,Allen,Texas,75002,267
392,home,,,,75081,268
393,home,1222 Pond Drive,Richardson,Texas,75006,269
394,home,,,,75084,270
395,home,31 Summer Ridge Street,Dallas,Texas,,271
396,work,01 Delaware Parkway,Addison,Texas,75001,271
397,home,5 Hanover Crossing,Dallas,Texas,75066,272
398,work,1139 Saint Paul Way,Addison,Texas,75008,272
399,home,9 Melrose Street,Plano,Texas,75008,273
400,work,51 Swallow Circle,Addison,Texas,75002,273
401,home,8359 Columbus Circle,Plano,Texas,75092,275
402,work,5212 Brown Way,Plano,Texas,75005,275
403,home,72920 Ruskin Trail,Dallas,Texas,75029,276
404,work,85 Portage Point,Dallas,Texas,75009,276
405,home,40 Garrison Circle,Allen,Texas,75015,277
406,home,1 Spohn Lane,Plano,Texas,75028,278
407,home,37 Rusk Place,Addison,Texas,75071,279
408,work,3 Melvin Parkway,Allen,Texas,75006,279
409,home,,,,75015,280
410,home,2 Hanson Point,Addison,Texas,75083,281
411,home,96 Acker Way,Allen,Texas,,282
412,work,254 Judy Parkway,Richardson,Texas,75005,282
413,home,328 Farragut Circle,Richardson,Texas,75031,283
414,home,2194 Messerschmidt Lane,Richardson,Texas,75001,284
415,home,1 Monterey Point,Dallas,Texas,75055,285
416,home,5547 Mallard Park,Allen,Texas,75027,286
417,work,59935 High Crossing Park,Richardson,Texas,75003,286
418,home,3 Menomonie Court,Plano,Texas,75050,287
419,home,82 Duke Street,Allen,Texas,75090,288
420,work,11982 Fordem Alley,Allen,Texas,75009,288
421,home,,,,75090,289
422,home,,,,75003,290
423,work,318 Grover Hill,Dallas,Texas,75005,290
424,work,91 Barnett Drive,Richardson,Texas,75008,291
425,home,808 Merry Avenue,Dallas,Texas,75047,292
426,work,323 Westridge Alley,Richardson,Texas,75002,292
427,home,36365 Esch Road,Dallas,Texas,,293
428,home,75 Red Cloud Trail,Richardson,Texas,,294
429,home,1174 Sullivan Avenue,Allen,Texas,75040,295
430,home,1 Grasskamp Park,Dallas,Texas,,296
431,work,4137 Almo Street,Richardson,Texas,75004,296
432,home,,,,75070,297
433,home,2317 Annamark Alley,Dallas,Texas,,298
434,home,37 Sachtjen Center,Plano,Texas,75021,299
435,home,58 Redwing Court,Plano,Texas,75097,300
436,work,8357 Lakewood Point,Plano,Texas,75002,300
437,home,632 Graedel Place,Addison,Texas,,301
438,home,37 Mayer Way,Plano,Texas,,302
439,home,563 Mockingbird Point,Richardson,Texas,75035,303
440,home,03 Tomscot Circle,Plano,Texas,75030,304
441,work,5917 Upham Point,Addison,Texas,75005,304
442,home,,,,75074,306
443,home,26 Erie Hill,Richardson,Texas,75075,307
444,work,626 Lakewood Gardens Circle,Plano,Texas,75005,308
445,home,5 Nobel Avenue,Addison,Texas,,309
446,work,0 Del Sol Avenue,Addison,Texas,75003,309
447,home,9940 Dunning Parkway,Addison,Texas,,310
448,work,39649 Esker Center,Dallas,Texas,75005,310
449,home,5598 Waxwing Crossing,Richardson,Texas,75029,311
450,home,3 Bayside Way,Richardson,Texas,75010,312
451,home,271 Bowman Way,Plano,Texas,75027,313
452,work,7726 Anderson Park,Plano,Texas,75002,313
453,home,2953 Scoville Drive,Addison,Texas,,314
454,work,59368 Briar Crest Crossing,Allen,Texas,75007,314
455,home,35 Caliangt Terrace,Addison,Texas,75082,315
456,work,8191 Holmberg Avenue,Allen,Texas,75002,315
457,home,83 Nova Park,Plano,Texas,,316
458,home,597 Schmedeman Point,Dallas,Texas,,317
459,home,8232 Chive Point,Plano,Texas,75042,318
460,home,8 Packers Lane,Plano,Texas,,319
461,home,07066 Monica Center,Richardson,Texas,,320
462,work,38748 Merry Lane,Plano,Texas,75009,320
463,home,,,,75046,321
464,home,318 Moose Trail,Richardson,Texas,75076,323
465,work,449 Stang Court,Richardson,Texas,75001,323
466,home,38654 Novick Point,Plano,Texas,,324
467,work,3 Harbort Pass,Dallas,Texas,75006,324
468,home,,,,75025,325
469,work,9 Hansons Terrace,Addison,Texas,75007,325
470,home,45 Miller Trail,Plano,Texas,75042,326
471,home,8 Forest Dale Way,Plano,Texas,75051,327
472,work,409 Mayfield Trail,Allen,Texas,75001,327
473,home,087 Duke Pass,Dallas,Texas,75005,328
474,home,811 Petterle Park,Addison,Texas,,329
475,work,5 Golf Avenue,Dallas,Texas,75003,329
476,home,2737 School Avenue,Richardson,Texas,75061,330
477,home,1 Chive Junction,Dallas,Texas,75063,331
478,work,8 Mockingbird Place,Addison,Texas,75004,331
479,home,2 Randy Way,Addison,Texas,75076,332
480,home,318 Canary Place,Richardson,Texas,75016,333
481,work,5289 Jay Park,Plano,Texas,75005,333
482,home,474 Weeping Birch Park,Dallas,Texas,75048,334
483,home,5762 Toban Alley,Addison,Texas,75048,335
484,home,944 Porter Crossing,Addison,Texas,75041,336
485,home,2960 Myrtle Drive,Plano,Texas,75008,337
486,work,65279 Dakota Avenue,Richardson,Texas,75009,337
487,home,1 Sachs Way,Addison,Texas,,338
488,home,53 Hermina Plaza,Richardson,Texas,75015,339
489,home,01 Fieldstone Terrace,Addison,Texas,75021,340
490,work,8504 Sunfield Hill,Richardson,Texas,75004,340
491,home,19 Forest Dale Pass,Plano,Texas,,341
492,work,9 Truax Court,Plano,Texas,75006,341
493,home,9 Schlimgen Trail,Allen,Texas,,342
494,work,795 Merchant Center,Addison,Texas,75008,342
495,home,79 Onsgard Drive,Plano,Texas,,343
496,home,4899 Fremont Way,Addison,Texas,,344
497,home,8733 Aberg Crossing,Addison,Texas,75054,345
498,work,29889 Bunting Trail,Richardson,Texas,75009,345
499,home,0 Green Drive,Dallas,Texas,,346
500,work,8 Homewood Hill,Allen,Texas,75009,346
501,home,52 Morningstar Road,Plano,Texas,75043,347
502,home,0 Brickson Park Place,Plano,Texas,75009,348
503,work,1678 Kings Court,Dallas,Texas,75007,348
504,home,5930 Clarendon Point,Allen,Texas,,349
505,work,7906 Dovetail Hill,Richardson,Texas,75005,349
506,home,3852 Fallview Pass,Richardson,Texas,75034,350
507,home,,,,75003,351
508,work,595 Mesta Center,Richardson,Texas,75004,351
509,home,4 Independence Hill,Plano,Texas,75048,352
510,work,558 Annamark Parkway,Addison,Texas,75008,352
511,home,9 Lighthouse Bay Court,Allen,Texas,75031,353
512,home,1 Namekagon Hill,Allen,Texas,,354
513,home,,,,75076,355
514,work,93 Ruskin Hill,Richardson,Texas,75002,355
515,home,4 Havey Hill,Allen,Texas,75085,356
516,work,9359 Independence Road,Addison,Texas,75004,356
517,home,,,,75045,357
518,work,20 Florence Road,Addison,Texas,75003,357
519,home,6 Crescent Oaks Parkway,Addison,Texas,75035,358
520,work,7481 Orin Crossing,Dallas,Texas,75001,358
521,home,95 Mallory Point,Plano,Texas,,359
522,home,1131 Marquette Parkway,Richardson,Texas,75031,360
523,home,988 Vernon Avenue,Plano,Texas,75086,361
524,home,36 Nova Junction,Addison,Texas,75061,362
525,work,9 Ramsey Point,Dallas,Texas,75003,362
526,home,029 Derek Crossing,Allen,Texas,75060,363
527,work,5 Schlimgen Junction,Plano,Texas,75001,363
528,home,,,,75004,364
529,work,78 Anhalt Way,Dallas,Texas,75006,364
530,home,85 Mandrake Street,Allen,Texas,,365
531,home,53 Thierer Junction,Dallas,Texas,75010,366
532,work,68 Crownhardt Drive,Addison,Texas,75001,366
533,home,,,,75091,367
534,home,12 Springs Drive,Allen,Texas,75089,368
535,home,1 Hovde Pass,Addison,Texas,75040,369
536,work,8437 Debra Street,Richardson,Texas,75001,369
537,home,620 West Drive,Addison,Texas,75073,370
538,work,56443 Merchant Court,Dallas,Texas,75002,370
539,home,463 5th Junction,Addison,Texas,75020,371
540,work,27520 Coleman Junction,Addison,Texas,75001,371
541,home,02 Northport Park,Richardson,Texas,75077,372
542,work,79 Farragut Junction,Addison,Texas,75008,372
543,home,0 Truax Park,Plano,Texas,75033,373
544,work,34948 Sunnyside Center,Dallas,Texas,75007,373
545,home,778 Carey Avenue,Addison,Texas,75025,374
546,work,3233 Southridge Parkway,Allen,Texas,75006,374
547,home,4510 Southridge Circle,Allen,Texas,75050,375
548,work,6 Sauthoff Park,Dallas,Texas,75001,375
549,home,,,,75066,376
550,home,9322 Armistice Park,Plano,Texas,75032,377
551,home,98252 Manufacturers Parkway,Allen,Texas,75092,378
552,home,6694 Columbus Plaza,Richardson,Texas,75004,379
553,work,22 Burrows Circle,Plano,Texas,75003,379
554,home,,,,75009,380
555,home,47 Dakota Parkway,Dallas,Texas,75091,381
556,work,9813 Brickson Park Pass,Addison,Texas,75004,381
557,home,7986 Fallview Point,Richardson,Texas,75057,382
558,work,1 Golf Circle,Plano,Texas,75001,382
559,home,,,,75033,383
560,work,06 Anniversary Crossing,Addison,Texas,75001,383
561,home,66 Sunbrook Hill,Richardson,Texas,75049,384
562,work,9 Mifflin Point,Richardson,Texas,75001,384
563,home,09 Farragut Way,Dallas,Texas,75003,385
564,home,86112 Michigan Alley,Plano,Texas,75017,386
565,work,307 Anhalt Point,Addison,Texas,75006,386
566,home,,,,75046,387
567,work,6 Canary Center,Addison,Texas,75004,387
568,home,1 Continental Crossing,Dallas,Texas,75087,388
569,work,88 Mifflin Hill,Dallas,Texas,75003,388
570,home,5 Sunfield Trail,Plano,Texas,75018,389
571,home,21338 Jenna Center,Plano,Texas,,390
572,work,041 Grover Avenue,Richardson,Texas,75008,390
573,home,4216 Ridgeview Way,Plano,Texas,75093,391
574,work,91 Katie Lane,Dallas,Texas,75002,392
575,home,7260 Hudson Street,Richardson,Texas,,393
576,home,11738 Harbort Road,Allen,Texas,75003,394
577,work,20 Barby Parkway,Addison,Texas,75003,394
578,home,44 Harbort Alley,Richardson,Texas,75088,395
579,work,634 Schiller Hill,Plano,Texas,75002,395
580,home,83453 Clemons Junction,Allen,Texas,,396
581,home,81 Lillian Crossing,Plano,Texas,75084,397
582,home,928 Karstens Place,Dallas,Texas,,398
583,home,88 Anderson Trail,Dallas,Texas,75035,399
584,work,33845 Drewry Terrace,Plano,Texas,75002,399
585,home,413 Grasskamp Terrace,Richardson,Texas,75003,400
586,home,7996 Oak Valley Circle,Plano,Texas,75019,401
587,work,75007 Village Parkway,Richardson,Texas,75007,401
588,home,108 Pepper Wood Alley,Dallas,Texas,75089,402
589,work,764 Tennyson Center,Allen,Texas,75002,402
590,home,4991 Dapin Crossing,Richardson,Texas,75034,403
591,work,557 Daystar Parkway,Allen,Texas,75005,403
592,home,1 Ludington Circle,Richardson,Texas,,404
593,home,084 Thackeray Trail,Richardson,Texas,,405
594,work,74472 Valley Edge Crossing,Allen,Texas,75009,405
595,home,77379 Hermina Lane,Plano,Texas,75085,406
596,home,,,,75034,407
597,work,7 Northwestern Terrace,Allen,Texas,75007,407
598,home,1 Superior Park,Dallas,Texas,75037,408
599,work,906 Mcguire Junction,Richardson,Texas,75009,408
600,home,45 Summit Trail,Dallas,Texas,75037,409
601,home,,,,75095,410
602,work,0 7th Avenue,Plano,Texas,75003,410
603,home,5 Debs Park,Allen,Texas,75068,411
604,home,2 Ridgeway Drive,Allen,Texas,75003,412
605,work,03 Dorton Point,Addison,Texas,75007,412
606,home,978 Buell Circle,Richardson,Texas,,413
607,home,696 Esch Way,Addison,Texas,75001,414
608,home,0 Express Pass,Addison,Texas,,415
609,work,0792 Reindahl Terrace,Plano,Texas,75006,415
610,home,9165 Colorado Way,Richardson,Texas,75036,416
611,work,816 Riverside Alley,Addison,Texas,75002,417
612,home,8831 Waxwing Point,Addison,Texas,75012,418
613,home,25 Straubel Lane,Allen,Texas,75077,419
614,home,5 Melvin Drive,Richardson,Texas,75038,420
615,work,430 Mcbride Street,Richardson,Texas,75009,420
616,home,6367 Annamark Junction,Plano,Texas,75024,421
617,work,0602 Old Shore Place,Plano,Texas,75008,421
618,home,,,,75086,422
619,work,335 Fremont Park,Addison,Texas,75002,422
620,home,77 Dakota Alley,Allen,Texas,75001,423
621,work,322 Declaration Trail,Dallas,Texas,75002,423
622,home,828 Shoshone Drive,Plano,Texas,,424
623,work,9 Hanover Park,Addison,Texas,75001,424
624,home,57306 Westridge Junction,Plano,Texas,,425
625,work,532 Truax Drive,Plano,Texas,75001,425
626,work,31345 Manley Crossing,Allen,Texas,75003,426
627,home,43 Tennessee Park,Dallas,Texas,75054,427
628,home,333 Montana Avenue,Richardson,Texas,,428
629,home,03062 Express Crossing,Richardson,Texas,,429
630,work,6 8th Place,Addison,Texas,75005,429
631,work,50840 Tomscot Lane,Allen,Texas,75008,430
632,home,,,,75004,431
633,home,570 Prairie Rose Terrace,Richardson,Texas,75011,432
634,home,50463 Novick Road,Richardson,Texas,,433
635,home,1703 Portage Place,Plano,Texas,75096,434
636,work,2683 Comanche Court,Allen,Texas,75004,434
637,home,66 Service Pass,Dallas,Texas,75069,435
638,work,049 Waywood Crossing,Dallas,Texas,75006,435
639,home,15 Marquette Center,Allen,Texas,,436
640,home,1152 Basil Crossing,Plano,Texas,75024,437
641,home,00 Aberg Trail,Dallas,Texas,,438
642,home,97897 Nevada Place,Richardson,Texas,,439
643,home,86669 Kings Court,Addison,Texas,,440
644,home,639 Del Mar Plaza,Dallas,Texas,75091,441
645,home,28 Kipling Pass,Addison,Texas,,442
646,work,56 Carpenter Plaza,Dallas,Texas,75006,442
647,home,6 Aberg Hill,Allen,Texas,75042,443
648,work,89656 Gateway Junction,Richardson,Texas,75001,443
649,home,39881 Vidon Center,Richardson,Texas,75098,444
650,work,80 High Crossing Pass,Dallas,Texas,75006,444
651,home,29509 Calypso Circle,Plano,Texas,75098,445
652,home,49285 Huxley Park,Richardson,Texas,75039,446
653,work,0830 Kingsford Center,Richardson,Texas,75006,446
654,home,3990 Lakeland Plaza,Dallas,Texas,75090,447
655,work,18 Dexter Point,Dallas,Texas,75001,447
656,home,3757 Truax Park,Richardson,Texas,,448
657,home,,,,75058,449
658,home,18975 Harbort Hill,Dallas,Texas,75004,450
659,home,47751 Red Cloud Street,Dallas,Texas,75013,451
660,home,648 Hooker Junction,Dallas,Texas,75061,452
661,home,60302 Longview Way,Richardson,Texas,75004,453
662,work,539 Canary Point,Plano,Texas,75005,453
663,home,834 Manitowish Center,Addison,Texas,,454
664,home,3 Onsgard Plaza,Addison,Texas,75005,455
665,work,98 Harper Avenue,Plano,Texas,75007,455
666,home,0 Larry Way,Allen,Texas,75060,456
667,work,73795 Red Cloud Crossing,Richardson,Texas,75005,456
668,home,370 Longview Hill,Allen,Texas,75005,457
669,home,90777 Northwestern Street,Addison,Texas,,458
670,home,72116 Rockefeller Street,Allen,Texas,75097,459
671,home,71 Loftsgordon Hill,Dallas,Texas,,460
672,work,57092 Clarendon Lane,Allen,Texas,75005,460
673,home,4574 Sachs Street,Allen,Texas,,461
674,home,472 Merchant Street,Allen,Texas,,462
675,home,3912 Riverside Circle,Richardson,Texas,75039,463
676,home,79872 Roth Way,Plano,Texas,75082,464
677,home,34 Dexter Drive,Plano,Texas,75044,465
678,work,694 High Crossing Drive,Richardson,Texas,75002,465
679,home,212 School Hill,Plano,Texas,75093,466
680,work,64077 Stuart Street,Allen,Texas,75001,466
681,home,,,,75011,467
682,work,0603 Debs Terrace,Richardson,Texas,75003,467
683,home,2 Kinsman Avenue,Allen,Texas,,468
684,home,887 Mockingbird Park,Richardson,Texas,75011,469
685,work,83 Anderson Parkway,Allen,Texas,75004,469
686,work,5059 Summer Ridge Circle,Addison,Texas,75007,470
687,home,1 Havey Hill,Plano,Texas,,471
688,work,17 Blaine Court,Allen,Texas,75006,471
689,home,,,,75023,472
690,work,10 Nobel Road,Richardson,Texas,75008,472
691,home,4106 Dapin Court,Dallas,Texas,75003,473
692,home,135 Mariners Cove Parkway,Richardson,Texas,75038,475
693,home,60 Graedel Plaza,Dallas,Texas,,476
694,home,,,,75079,477
695,home,,,,75071,478
696,work,0 Lakewood Plaza,Richardson,Texas,75001,478
697,home,51 High Crossing Street,Allen,Texas,75002,479
698,work,4 Grim Road,Allen,Texas,75007,479
699,home,8142 Mccormick Pass,Dallas,Texas,75083,480
700,home,5652 Pierstorff Road,Plano,Texas,,481
701,work,7 Starling Lane,Plano,Texas,75004,481
702,home,5 Graceland Place,Allen,Texas,,482
703,home,33 Bluestem Center,Addison,Texas,,483
704,home,78 Caliangt Way,Plano,Texas,75005,484
705,home,114 La Follette Crossing,Addison,Texas,75077,485
706,home,74197 Mcguire Avenue,Addison,Texas,75061,486
707,home,,,,75017,487
708,work,3021 Fairview Drive,Plano,Texas,75007,487
709,home,65 Tony Way,Plano,Texas,75020,488
710,home,26 Riverside Drive,Plano,Texas,75065,489
711,home,,,,75088,490
712,work,5 Bluejay Point,Plano,Texas,75008,490
713,home,1775 Columbus Place,Addison,Texas,75054,491
714,home,,,,75092,493
715,work,100 Forest Dale Court,Plano,Texas,75005,493
716,home,289 Russell Pass,Plano,Texas,75063,494
717,home,3 Maple Wood Plaza,Dallas,Texas,75017,495
718,home,1 Stone Corner Terrace,Allen,Texas,,496
719,home,259 Fairview Center,Plano,Texas,75090,497
720,home,1 Gulseth Center,Allen,Texas,75057,498
721,work,2151 Del Mar Junction,Dallas,Texas,75006,498
722,home,86658 Merchant Parkway,Richardson,Texas,,499
723,home,036 Pleasure Parkway,Addison,Texas,75039,500
724,work,9274 Vermont Circle,Addison,Texas,75001,500
725,home,41 Emmet Point,Allen,Texas,75085,501
726,home,8 Morning Lane,Plano,Texas,,503
727,home,,,,75054,504
728,home,1 Graceland Center,Addison,Texas,,505
729,home,3 Chinook Junction,Addison,Texas,75021,506
730,work,80047 Delladonna Pass,Richardson,Texas,75003,506
731,home,28 Melvin Court,Allen,Texas,75092,507
732,home,546 Arapahoe Alley,Allen,Texas,75041,508
733,home,2 Mandrake Lane,Addison,Texas,,509
734,work,74991 Prairieview Alley,Richardson,Texas,75006,509
735,home,1160 Waubesa Court,Addison,Texas,75080,511
736,home,74 Grim Center,Addison,Texas,75047,512
737,home,3 Straubel Trail,Addison,Texas,75022,513
738,work,7354 Harbort Lane,Dallas,Texas,75007,513
739,home,09144 Waxwing Parkway,Plano,Texas,75080,514
740,home,4 Golf View Street,Richardson,Texas,75049,515
741,home,,,,75043,516
742,work,7862 Stephen Park,Addison,Texas,75003,516
743,home,6133 Blaine Plaza,Plano,Texas,,517
744,home,55 Utah Way,Dallas,Texas,,518
745,work,69908 School Way,Allen,Texas,75003,518
746,home,30380 Melvin Terrace,Addison,Texas,75047,519
747,work,3 Shopko Avenue,Addison,Texas,75001,519
748,home,,,,75071,520
749,work,1 Lotheville Parkway,Dallas,Texas,75001,520
750,home,443 Gale Avenue,Dallas,Texas,,521
751,work,93 Lillian Hill,Richardson,Texas,75009,521
752,home,57436 Merrick Lane,Dallas,Texas,75065,522
753,home,64231 Green Ridge Parkway,Dallas,Texas,75018,523
754,work,79568 Oxford Plaza,Addison,Texas,75008,523
755,home,58 Northview Drive,Allen,Texas,75032,524
756,work,22928 Delaware Terrace,Addison,Texas,75009,524
757,home,26 Stuart Road,Plano,Texas,75050,525
758,home,0 Crowley Circle,Allen,Texas,75052,526
759,home,3896 Columbus Parkway,Addison,Texas,75010,527
760,work,6988 Eastlawn Terrace,Dallas,Texas,75007,527
761,home,25867 Florence Avenue,Allen,Texas,,528
762,work,8 Summer Ridge Drive,Plano,Texas,75002,528
763,home,018 Muir Circle,Plano,Texas,,529
764,work,309 Dorton Street,Addison,Texas,75001,529
765,home,23 Sullivan Alley,Addison,Texas,,530
766,home,3392 Sherman Circle,Richardson,Texas,,531
767,work,7 Homewood Park,Richardson,Texas,75009,531
768,home,217 Dayton Road,Plano,Texas,75089,532
769,home,6537 Colorado Hill,Plano,Texas,75087,533
770,work,8 Randy Court,Addison,Texas,75002,533
771,home,,,,75006,534
772,home,6 Carpenter Pass,Allen,Texas,75001,535
773,work,115 Kropf Alley,Dallas,Texas,75008,535
774,home,837 Westridge Lane,Allen,Texas,75079,536
775,home,114 Mitchell Terrace,Addison,Texas,,537
776,work,0718 Oneill Court,Dallas,Texas,75001,537
777,home,344 Glacier Hill Point,Addison,Texas,,538
778,home,23 Blackbird Alley,Plano,Texas,75091,539
779,home,5 Merry Terrace,Richardson,Texas,75081,540
780,work,0456 Messerschmidt Junction,Addison,Texas,75008,540
781,home,149 Talisman Court,Plano,Texas,,541
782,home,516 Stoughton Plaza,Allen,Texas,75093,542
783,home,0179 Kensington Trail,Dallas,Texas,75087,543
784,home,1086 Ludington Pass,Addison,Texas,75040,544
785,home,11388 Reinke Way,Addison,Texas,75052,545
786,home,68 Laurel Plaza,Allen,Texas,75079,546
787,work,6123 Lighthouse Bay Point,Richardson,Texas,75004,546
788,home,05232 Knutson Pass,Richardson,Texas,75059,547
789,work,250 Glacier Hill Circle,Dallas,Texas,75001,547
790,home,3722 Summit Junction,Richardson,Texas,,548
791,home,6830 Lake View Hill,Allen,Texas,,549
792,work,300 Crest Line Point,Richardson,Texas,75004,549
793,home,963 Cottonwood Junction,Allen,Texas,,550
794,work,865 Declaration Court,Dallas,Texas,75009,550
795,home,7 Comanche Plaza,Richardson,Texas,75006,551
796,home,73097 Autumn Leaf Street,Addison,Texas,,552
797,home,6 Waywood Drive,Addison,Texas,,553
798,work,03646 Katie Terrace,Plano,Texas,75005,553
799,home,,,,75079,554
800,home,70 Brown Place,Dallas,Texas,,555
801,home,,,,75071,556
802,work,89192 Dexter Court,Addison,Texas,75008,556
803,home,1 Mallard Trail,Addison,Texas,75078,557
804,work,150 Park Meadow Drive,Plano,Texas,75001,557
805,home,0848 Bluestem Hill,Dallas,Texas,,558
806,home,75026 Straubel Lane,Allen,Texas,,559
807,home,,,,75061,560
808,work,83189 Tony Road,Addison,Texas,75002,560
809,home,502 Dawn Center,Addison,Texas,75095,561
810,work,10495 Melby Point,Allen,Texas,75002,562
811,home,9 Dorton Hill,Addison,Texas,75025,563
812,home,3 Pierstorff Lane,Dallas,Texas,,564
813,home,5 Old Shore Way,Dallas,Texas,75094,565
814,home,6 Gale Point,Richardson,Texas,,566
815,home,0273 Fairview Way,Addison,Texas,,567
816,home,49356 Anhalt Court,Dallas,Texas,75016,568
817,work,55 Vidon Drive,Allen,Texas,75004,568
818,home,0187 Beilfuss Crossing,Allen,Texas,75026,569
819,home,952 Browning Junction,Allen,Texas,75025,570
820,work,446 Nova Road,Richardson,Texas,75006,570
821,home,59 Buell Park,Richardson,Texas,75062,571
822,work,66 Paget Point,Addison,Texas,75006,572
823,home,,,,75032,573
824,work,51 Welch Road,Plano,Texas,75006,573
825,home,45444 Sutherland Trail,Dallas,Texas,75091,574
826,work,40 Stoughton Road,Allen,Texas,75007,574
827,home,2457 Fuller Court,Richardson,Texas,,575
828,work,86178 Hoffman Place,Richardson,Texas,75008,575
829,home,723 Bayside Alley,Richardson,Texas,75013,576
830,work,97573 Westport Street,Dallas,Texas,75006,576
831,home,9494 3rd Parkway,Addison,Texas,75043,577
832,work,768 Manley Road,Addison,Texas,75008,577
833,home,689 Maywood Trail,Dallas,Texas,,578
834,home,7839 Carioca Drive,Allen,Texas,75091,579
835,work,76477 Hintze Drive,Plano,Texas,75009,579
836,home,8 Rockefeller Drive,Plano,Texas,75021,580
837,work,942 Superior Terrace,Allen,Texas,75002,580
838,home,44630 Elgar Avenue,Allen,Texas,75062,581
839,work,6705 Tennyson Junction,Allen,Texas,75009,581
840,home,680 Meadow Vale Parkway,Richardson,Texas,75034,582
841,work,01518 Gina Terrace,Allen,Texas,75008,582
842,home,120 Tony Center,Addison,Texas,75029,583
843,work,3 Upham Pass,Addison,Texas,75002,583
844,home,92383 North Crossing,Addison,Texas,,584
845,work,34 Pennsylvania Alley,Addison,Texas,75005,584
846,home,28 Cottonwood Circle,Addison,Texas,75091,585
847,home,66 Charing Cross Trail,Plano,Texas,75092,586
848,work,360 Miller Crossing,Richardson,Texas,75001,586
849,home,9 Warrior Plaza,Plano,Texas,75008,587
850,work,938 Sherman Parkway,Addison,Texas,75005,587
851,home,,,,75028,588
852,home,00220 Manufacturers Road,Dallas,Texas,,589
853,work,2 Del Mar Crossing,Richardson,Texas,75009,589
854,home,,,,75017,591
855,work,1470 Fieldstone Point,Addison,Texas,75002,591
856,home,,,,75047,592
857,home,465 Rigney Way,Allen,Texas,75051,594
858,work,6446 7th Point,Addison,Texas,75002,594
859,home,89 Kenwood Trail,Addison,Texas,75095,596
860,work,2787 Gulseth Way,Addison,Texas,75004,596
861,home,3 Mcguire Circle,Plano,Texas,,597
862,home,57438 Arrowood Alley,Dallas,Texas,75070,598
863,home,810 Carberry Place,Dallas,Texas,75082,599
864,home,25433 Sauthoff Place,Allen,Texas,75024,600
865,home,9 Hoepker Parkway,Plano,Texas,75003,601
866,work,7 3rd Park,Plano,Texas,75008,601
867,home,,,,75032,602
868,work,297 Stang Circle,Dallas,Texas,75008,602
869,home,,,,75094,603
870,home,,,,75004,604
871,work,158 Lunder Park,Allen,Texas,75004,604
872,home,,,,75036,605
873,work,73510 Forest Trail,Allen,Texas,75006,605
874,home,32742 Fieldstone Plaza,Allen,Texas,75051,606
875,work,659 Continental Plaza,Dallas,Texas,75005,606
876,home,509 Cherokee Circle,Dallas,Texas,75014,607
877,home,04 Randy Circle,Allen,Texas,75078,608
878,work,0780 Spohn Hill,Plano,Texas,75001,608
879,home,59 Talisman Road,Allen,Texas,75019,609
880,work,14 Magdeline Point,Addison,Texas,75008,609
881,home,43 Macpherson Terrace,Richardson,Texas,75098,610
882,home,,,,75077,611
883,work,7 Mockingbird Pass,Addison,Texas,75004,611
884,home,188 Summerview Way,Plano,Texas,,612
885,home,0327 Monica Avenue,Addison,Texas,75009,613
886,home,72 Macpherson Avenue,Plano,Texas,75021,614
887,home,26807 Bayside Point,Allen,Texas,75050,615
888,work,57 Cambridge Crossing,Dallas,Texas,75009,615
889,home,877 Fairview Road,Allen,Texas,75071,616
890,work,0 Valley Edge Alley,Addison,Texas,75001,616
891,home,51 Almo Circle,Allen,Texas,75082,617
892,home,390 Garrison Place,Addison,Texas,75096,618
893,work,80162 Warner Park,Allen,Texas,75008,618
894,home,,,,75037,619
895,home,22191 Declaration Plaza,Allen,Texas,75076,620
896,work,90323 Grover Lane,Plano,Texas,75008,620
897,home,09440 Oak Junction,Richardson,Texas,,621
898,home,,,,75075,622
899,home,417 Lighthouse Bay Lane,Plano,Texas,75051,623
900,work,5660 Corry Lane,Allen,Texas,75008,623
901,home,26 Gale Street,Richardson,Texas,,624
902,home,67 Cottonwood Plaza,Richardson,Texas,75091,625
903,work,4889 Scott Junction,Richardson,Texas,75004,625
904,home,,,,75093,626
905,home,0236 Memorial Park,Plano,Texas,75048,627
906,work,4865 Southridge Park,Allen,Texas,75006,628
907,home,7 5th Place,Plano,Texas,,629
908,work,00 Messerschmidt Street,Richardson,Texas,75009,629
909,home,2 High Crossing Way,Richardson,Texas,,630
910,work,0557 Stephen Road,Plano,Texas,75005,630
911,home,,,,75021,631
912,work,95630 Old Shore Way,Allen,Texas,75007,631
913,home,1 Blackbird Pass,Allen,Texas,75032,632
914,work,926 Vera Drive,Plano,Texas,75003,632
915,home,6 Anzinger Street,Plano,Texas,75027,633
916,home,15 Maywood Center,Addison,Texas,75084,634
917,work,13 Golf View Point,Addison,Texas,75005,634
918,home,9716 Michigan Plaza,Allen,Texas,,635
919,home,28 Iowa Crossing,Addison,Texas,,636
920,work,6565 Delaware Road,Richardson,Texas,75001,636
921,home,5 Reinke Center,Addison,Texas,75044,637
922,work,99883 Crescent Oaks Court,Richardson,Texas,75004,637
923,work,90 Lunder Center,Dallas,Texas,75009,638
924,home,4090 Loeprich Place,Addison,Texas,75036,639
925,home,88 Harbort Alley,Addison,Texas,,640
926,work,31 Straubel Trail,Dallas,Texas,75007,640
927,home,981 Rockefeller Crossing,Plano,Texas,75072,641
928,home,8 Calypso Drive,Richardson,Texas,75019,642
929,work,09 Fairfield Way,Richardson,Texas,75002,642
930,home,3 Memorial Terrace,Dallas,Texas,75023,643
931,home,,,,75069,644
932,work,19679 Farmco Pass,Plano,Texas,75002,644
933,home,8240 Dexter Avenue,Plano,Texas,75083,645
934,work,8 Columbus Hill,Dallas,Texas,75002,645
935,home,478 Birchwood Court,Plano,Texas,75045,646
936,work,29421 Ludington Road,Addison,Texas,75006,646
937,home,07 North Way,Richardson,Texas,,647
938,work,9142 Russell Trail,Richardson,Texas,75004,647
939,home,5285 Moose Alley,Allen,Texas,,648
940,home,9 Stephen Way,Richardson,Texas,75029,649
941,home,3 Jana Avenue,Allen,Texas,75012,650
942,work,21491 Spaight Lane,Allen,Texas,75004,650
943,home,65148 Marcy Center,Dallas,Texas,75021,651
944,work,39 Straubel Circle,Plano,Texas,75001,651
945,home,0859 Elmside Point,Dallas,Texas,75096,652
946,work,43 Bultman Lane,Plano,Texas,75005,652
947,home,,,,75093,653
948,work,53 Eastlawn Park,Plano,Texas,75004,653
949,home,677 Fordem Court,Allen,Texas,75066,654
950,work,26 Hanson Drive,Richardson,Texas,75004,654
951,home,4985 Caliangt Trail,Allen,Texas,,655
952,work,830 Dovetail Terrace,Addison,Texas,75009,655
953,home,,,,75062,657
954,home,33 Farwell Junction,Allen,Texas,75056,658
955,work,16847 Jay Terrace,Allen,Texas,75009,658
956,home,80253 Gulseth Circle,Richardson,Texas,75094,659
957,home,48665 Eastwood Drive,Addison,Texas,75039,660
958,home,14 4th Road,Allen,Texas,,661
959,home,0 Kinsman Plaza,Richardson,Texas,75036,662
960,home,02 Onsgard Drive,Richardson,Texas,,663
961,home,,,,75087,664
962,work,3 Waubesa Alley,Allen,Texas,75002,664
963,home,72 Tennessee Park,Allen,Texas,75039,665
964,work,72229 Harbort Plaza,Richardson,Texas,75007,665
965,home,958 Prairieview Court,Allen,Texas,,666
966,home,2674 Monument Crossing,Allen,Texas,75087,667
967,home,801 Stephen Point,Richardson,Texas,,668
968,work,6621 Bay Point,Dallas,Texas,75007,668
969,home,6141 Summit Crossing,Addison,Texas,,669
970,home,855 Ramsey Lane,Plano,Texas,75007,670
971,home,,,,75044,671
972,home,2857 Weeping Birch Center,Plano,Texas,75020,672
973,home,692 Atwood Drive,Richardson,Texas,,673
974,home,5 Claremont Junction,Allen,Texas,75043,674
975,work,45 Pierstorff Parkway,Richardson,Texas,75005,674
976,home,436 Fremont Circle,Allen,Texas,75052,675
977,home,65146 Summer Ridge Crossing,Plano,Texas,,676
978,work,97 Main Park,Addison,Texas,75009,676
979,home,1766 Mifflin Court,Dallas,Texas,75068,677
980,home,3133 Swallow Circle,Addison,Texas,75057,678
981,work,00 Butterfield Drive,Richardson,Texas,75004,678
982,home,219 Oxford Street,Allen,Texas,75080,679
983,work,03953 Bobwhite Plaza,Plano,Texas,75005,679
984,home,0 Daystar Avenue,Richardson,Texas,,680
985,home,,,,75011,682
986,work,20891 Vernon Plaza,Dallas,Texas,75004,682
987,home,3325 Bartelt Place,Plano,Texas,75011,683
988,work,8642 Havey Plaza,Plano,Texas,75002,683
989,home,21 Brickson Park Plaza,Allen,Texas,,684
990,home,,,,75081,685
991,work,38283 Kennedy Court,Richardson,Texas,75005,686
992,home,97 Hooker Point,Richardson,Texas,,687
993,work,2576 Kennedy Road,Allen,Texas,75005,687
994,home,,,,75014,688
995,work,534 Menomonie Street,Dallas,Texas,75007,688
996,home,10220 Golden Leaf Lane,Richardson,Texas,75057,689
997,home,7746 Sommers Circle,Richardson,Texas,,690
998,work,15426 Duke Hill,Plano,Texas,75008,690
999,home,6417 Mccormick Lane,Addison,Texas,75007,691
1000,work,266 Jana Plaza,Plano,Texas,75001,691
1001,home,70662 Oak Valley Terrace,Addison,Texas,75088,692
1002,work,75536 Sauthoff Pass,Addison,Texas,75003,692
1003,home,77873 Annamark Drive,Allen,Texas,75055,693
1004,work,68443 Bonner Junction,Allen,Texas,75009,693
1005,home,,,,75011,694
1006,work,8198 Graedel Terrace,Allen,Texas,75009,694
1007,home,,,,75097,695
1008,home,69493 Amoth Alley,Plano,Texas,75023,696
1009,home,53 Harbort Center,Plano,Texas,75033,697
1010,work,91786 Rockefeller Drive,Addison,Texas,75002,697
1011,home,84579 Blackbird Street,Dallas,Texas,75035,698
1012,work,3847 Morningstar Court,Richardson,Texas,75002,698
1013,home,9 Manley Lane,Plano,Texas,75049,699
1014,work,26 Banding Trail,Allen,Texas,75002,699
1015,home,0 Summit Alley,Dallas,Texas,,700
1016,home,7714 Mifflin Street,Dallas,Texas,75043,701
1017,work,6941 Superior Hill,Plano,Texas,75001,701
1018,work,83998 Donald Avenue,Addison,Texas,75003,702
1019,home,7260 Laurel Alley,Richardson,Texas,75064,703
1020,home,2 Eliot Way,Addison,Texas,75082,704
1021,home,06 Knutson Place,Allen,Texas,75022,705
1022,work,1322 Fair Oaks Park,Allen,Texas,75001,705
1023,home,9878 Caliangt Plaza,Plano,Texas,75045,706
1024,work,06754 Meadow Vale Center,Dallas,Texas,75001,706
1025,home,17946 Union Drive,Addison,Texas,75085,707
1026,home,6 6th Place,Plano,Texas,75040,708
1027,home,1684 Crest Line Trail,Richardson,Texas,75085,709
1028,work,93 Moose Alley,Richardson,Texas,75004,709
1029,home,6161 Clyde Gallagher Parkway,Dallas,Texas,75034,710
1030,home,3 Troy Road,Addison,Texas,,711
1031,home,4169 Namekagon Park,Plano,Texas,75015,712
1032,home,,,,75038,713
1033,home,3 Spaight Hill,Allen,Texas,75012,714
1034,work,55290 Meadow Vale Lane,Allen,Texas,75002,714
1035,home,4530 Schurz Pass,Richardson,Texas,75021,715
1036,work,01053 Pond Terrace,Plano,Texas,75007,715
1037,home,9 Rowland Pass,Addison,Texas,75044,716
1038,work,2 Meadow Vale Avenue,Addison,Texas,75003,716
1039,home,13053 American Drive,Dallas,Texas,75004,717
1040,home,,,,75016,718
1041,home,,,,75090,719
1042,home,2132 Eastwood Place,Plano,Texas,75076,720
1043,home,0758 Kings Drive,Dallas,Texas,,721
1044,home,59 Emmet Crossing,Plano,Texas,75069,722
1045,home,93 Dapin Court,Allen,Texas,75024,723
1046,home,2 Dahle Hill,Allen,Texas,,724
1047,home,27 Continental Lane,Plano,Texas,,725
1048,work,8180 Brickson Park Hill,Richardson,Texas,75005,725
1049,home,09 Springs Avenue,Dallas,Texas,75035,726
1050,work,2 Hollow Ridge Point,Allen,Texas,75005,726
1051,home,77822 Delladonna Terrace,Allen,Texas,75068,727
1052,work,059 Twin Pines Plaza,Dallas,Texas,75007,727
1053,home,868 Farmco Center,Plano,Texas,75003,728
1054,work,66535 Red Cloud Alley,Richardson,Texas,75007,728
1055,home,,,,75025,729
1056,home,,,,75066,730
1057,home,24 Center Hill,Dallas,Texas,75038,731
1058,home,1473 Farmco Circle,Plano,Texas,75050,732
1059,home,07389 Dorton Park,Plano,Texas,75077,733
1060,work,35 Stang Lane,Richardson,Texas,75001,733
1061,home,9 Russell Parkway,Addison,Texas,75034,734
1062,work,72441 Thierer Plaza,Addison,Texas,75008,734
1063,home,990 Northview Court,Plano,Texas,75057,735
1064,home,00818 Springs Court,Dallas,Texas,75032,736
1065,home,352 Westridge Parkway,Richardson,Texas,75050,737
1066,work,35366 Transport Terrace,Addison,Texas,75001,737
1067,home,22 Magdeline Street,Dallas,Texas,75063,738
1068,work,013 Northview Court,Addison,Texas,75007,738
1069,home,929 Weeping Birch Avenue,Dallas,Texas,75056,740
1070,home,861 Lakewood Crossing,Allen,Texas,,742
1071,work,1 Lillian Center,Richardson,Texas,75004,742
1072,home,156 Maryland Court,Dallas,Texas,,743
1073,home,345 Erie Pass,Dallas,Texas,75052,744
1074,work,902 Emmet Place,Allen,Texas,75008,744
1075,home,4 Mallory Point,Richardson,Texas,,745
1076,home,8772 Iowa Road,Richardson,Texas,75065,746
1077,work,9410 Northridge Crossing,Richardson,Texas,75005,746
1078,home,57 Hermina Center,Plano,Texas,75025,747
1079,work,9130 Maple Crossing,Allen,Texas,75003,747
1080,home,,,,75082,748
1081,work,2 Rusk Crossing,Plano,Texas,75002,748
1082,home,,,,75076,749
1083,work,0 Red Cloud Drive,Richardson,Texas,75006,749
1084,home,820 Becker Trail,Richardson,Texas,,751
1085,work,81 Dunning Point,Allen,Texas,75005,751
1086,home,92 Onsgard Point,Allen,Texas,75043,752
1087,work,1 Dixon Circle,Richardson,Texas,75003,752
1088,home,,,,75081,753
1089,home,6342 Eastwood Trail,Allen,Texas,75008,754
1090,home,,,,75037,755
1091,work,28986 Bunker Hill Plaza,Allen,Texas,75002,755
1092,home,,,,75014,756
1093,home,8332 Larry Center,Addison,Texas,75005,757
1094,home,66 Jenifer Avenue,Addison,Texas,,758
1095,home,77474 Anhalt Junction,Plano,Texas,75094,759
1096,home,23 Scott Plaza,Addison,Texas,75076,760
1097,home,5236 Linden Park,Dallas,Texas,,761
1098,work,69224 Prentice Alley,Richardson,Texas,75008,761
1099,home,581 2nd Avenue,Allen,Texas,75029,762
1100,home,80509 Glendale Circle,Plano,Texas,75076,763
1101,work,93 Division Circle,Richardson,Texas,75005,763
1102,home,,,,75069,764
1103,home,905 Muir Circle,Richardson,Texas,75062,765
1104,home,6190 Sutherland Circle,Dallas,Texas,,767
1105,work,379 Eliot Junction,Addison,Texas,75008,767
1106,home,9022 Shopko Lane,Richardson,Texas,,768
1107,home,1384 Arizona Road,Richardson,Texas,75046,769
1108,work,69 Clove Drive,Addison,Texas,75005,769
1109,home,96058 Lakewood Place,Allen,Texas,75028,770
1110,home,,,,75080,771
1111,work,096 Claremont Circle,Dallas,Texas,75005,771
1112,home,63 Jenifer Parkway,Dallas,Texas,,772
1113,work,93380 Northfield Hill,Addison,Texas,75001,772
1114,home,120 Loomis Avenue,Dallas,Texas,75086,773
1115,work,06050 Sunbrook Park,Plano,Texas,75001,773
1116,home,20022 Marcy Hill,Dallas,Texas,75054,774
1117,work,8 Nova Circle,Dallas,Texas,75001,774
1118,home,40973 Victoria Center,Richardson,Texas,75080,775
1119,work,35503 Melvin Parkway,Dallas,Texas,75003,775
1120,work,19 Heffernan Terrace,Dallas,Texas,75004,776
1121,home,,,,75010,777
1122,home,,,,75038,778
1123,work,6157 Ramsey Alley,Plano,Texas,75008,778
1124,home,32266 Bartillon Avenue,Plano,Texas,,780
1125,work,489 Heath Street,Allen,Texas,75002,780
1126,home,42352 Fuller Way,Plano,Texas,,781
1127,home,75395 Luster Plaza,Dallas,Texas,,782
1128,work,5 Eastlawn Terrace,Richardson,Texas,75006,782
1129,home,22617 Farragut Park,Richardson,Texas,75021,783
1130,work,939 Ohio Terrace,Allen,Texas,75009,783
1131,home,,,,75088,784
1132,work,0031 Briar Crest Alley,Plano,Texas,75006,785
1133,home,808 Weeping Birch Lane,Addison,Texas,,786
1134,work,6117 Jenna Place,Allen,Texas,75007,786
1135,home,3088 Troy Trail,Richardson,Texas,75074,787
1136,home,,,,75009,788
1137,work,3434 Reindahl Road,Addison,Texas,75004,788
1138,home,72330 Emmet Circle,Plano,Texas,75093,789
1139,home,7 Armistice Place,Richardson,Texas,75064,790
1140,work,4 Service Park,Plano,Texas,75002,790
1141,home,5 Schmedeman Plaza,Addison,Texas,,791
1142,work,8 Carberry Road,Plano,Texas,75007,791
1143,home,07 Rockefeller Hill,Allen,Texas,75044,792
1144,home,84513 Heath Pass,Plano,Texas,75026,793
1145,work,56 Evergreen Circle,Richardson,Texas,75002,793
1146,home,24976 Eagan Parkway,Addison,Texas,75065,794
1147,work,8 Alpine Lane,Dallas,Texas,75004,794
1148,home,,,,75035,795
1149,work,1783 Glendale Alley,Dallas,Texas,75003,795
1150,home,,,,75039,796
1151,work,96 Calypso Lane,Dallas,Texas,75001,796
1152,home,6 Tomscot Point,Addison,Texas,,797
1153,home,263 1st Street,Allen,Texas,75040,798
1154,work,9925 Algoma Pass,Allen,Texas,75006,798
1155,home,75023 Carioca Drive,Plano,Texas,75013,799
1156,home,16 Acker Center,Addison,Texas,75099,800
1157,work,83 Prairieview Circle,Allen,Texas,75002,800
1158,home,903 Becker Avenue,Allen,Texas,75057,801
1159,work,4 Springs Avenue,Dallas,Texas,75009,801
1160,home,3649 Judy Pass,Dallas,Texas,,802
1161,home,959 Tony Alley,Allen,Texas,75012,803
1162,work,7323 Monica Circle,Richardson,Texas,75003,803
1163,home,2694 Pankratz Avenue,Allen,Texas,75014,804
1164,work,21529 Everett Court,Addison,Texas,75005,804
1165,home,23 Waxwing Center,Dallas,Texas,,805
1166,home,1476 Ramsey Street,Richardson,Texas,75046,806
1167,home,91870 Nevada Trail,Plano,Texas,75066,807
1168,work,1525 Duke Avenue,Richardson,Texas,75002,807
1169,home,9 New Castle Hill,Allen,Texas,75043,808
1170,work,4 Golden Leaf Park,Dallas,Texas,75002,808
1171,home,1909 Farmco Alley,Dallas,Texas,75021,809
1172,work,060 Express Center,Allen,Texas,75008,809
1173,home,335 Forest Drive,Allen,Texas,75009,810
1174,home,24942 Talisman Pass,Allen,Texas,75032,811
1175,home,2 Bashford Terrace,Richardson,Texas,75064,812
1176,work,118 Magdeline Drive,Richardson,Texas,75007,812
1177,home,26 Roxbury Terrace,Dallas,Texas,75011,813
1178,home,28 7th Lane,Allen,Texas,,814
1179,work,02 Sunnyside Junction,Richardson,Texas,75005,814
1180,home,5 Messerschmidt Street,Plano,Texas,75069,815
1181,work,798 Pond Point,Addison,Texas,75007,815
1182,home,592 Park Meadow Center,Addison,Texas,75060,816
1183,home,15752 Lillian Pass,Plano,Texas,75034,817
1184,home,1159 Harbort Center,Plano,Texas,75007,818
1185,home,14510 Northfield Street,Dallas,Texas,75023,819
1186,home,2171 Aberg Crossing,Addison,Texas,,820
1187,work,2584 Milwaukee Center,Dallas,Texas,75004,820
1188,home,5 Dorton Crossing,Dallas,Texas,75050,821
1189,home,2114 Ramsey Lane,Dallas,Texas,75014,822
1190,home,05 Oxford Way,Richardson,Texas,,823
1191,work,639 Talisman Road,Addison,Texas,75002,823
1192,home,4525 Fulton Alley,Dallas,Texas,75070,824
1193,work,84 7th Crossing,Addison,Texas,75008,824
1194,home,9412 Kennedy Plaza,Richardson,Texas,75050,825
1195,home,8 Monica Park,Richardson,Texas,75075,826
1196,home,1 Manley Circle,Richardson,Texas,75052,827
1197,work,2521 Petterle Junction,Richardson,Texas,75009,827
1198,home,46 Bayside Point,Allen,Texas,75052,828
1199,work,615 Lunder Hill,Richardson,Texas,75001,828
1200,home,,,,75006,829
1201,home,,,,75086,830
1202,work,24624 Dovetail Crossing,Addison,Texas,75007,830
1203,home,14320 Beilfuss Hill,Plano,Texas,75033,831
1204,work,8 Nevada Point,Dallas,Texas,75003,831
1205,home,97 Holmberg Place,Addison,Texas,,832
1206,home,27 Vahlen Street,Allen,Texas,75040,833
1207,home,46311 Caliangt Street,Plano,Texas,75030,834
1208,work,2769 Ramsey Junction,Allen,Texas,75002,834
1209,home,54 Novick Avenue,Plano,Texas,,835
1210,work,945 Hagan Terrace,Allen,Texas,75008,835
1211,home,09 Butternut Plaza,Allen,Texas,75044,836
1212,work,974 Green Center,Richardson,Texas,75007,836
1213,home,447 7th Pass,Addison,Texas,75038,837
1214,work,10 Harbort Plaza,Allen,Texas,75003,837
1215,home,0559 Mosinee Park,Allen,Texas,75020,838
1216,work,417 Sachs Point,Dallas,Texas,75004,838
1217,home,96 Miller Plaza,Richardson,Texas,75098,839
1218,work,8875 Porter Drive,Dallas,Texas,75001,839
1219,home,,,,75029,840
1220,home,1225 Corscot Lane,Plano,Texas,75099,841
1221,work,6880 Havey Park,Plano,Texas,75001,841
1222,work,9797 Summit Terrace,Plano,Texas,75002,842
1223,home,31006 Londonderry Pass,Allen,Texas,75065,843
1224,work,82863 Superior Circle,Dallas,Texas,75001,844
1225,home,13 Park Meadow Way,Allen,Texas,75065,845
1226,home,9 Stephen Court,Richardson,Texas,,846
1227,work,1595 Moland Center,Addison,Texas,75002,846
1228,home,,,,75022,847
1229,work,7558 Pawling Way,Allen,Texas,75001,847
1230,home,827 Riverside Lane,Addison,Texas,75063,848
1231,work,06 Vera Street,Allen,Texas,75003,848
1232,home,,,,75032,849
1233,work,0 Sachtjen Lane,Allen,Texas,75009,849
1234,home,2791 Susan Circle,Richardson,Texas,75093,850
1235,work,46 Tony Terrace,Allen,Texas,75003,852
1236,home,4 Charing Cross Hill,Allen,Texas,75017,853
1237,work,6 Dottie Crossing,Plano,Texas,75001,853
1238,home,8314 Dennis Junction,Plano,Texas,75001,854
1239,home,925 Rieder Junction,Richardson,Texas,75052,855
1240,work,5146 Grayhawk Junction,Allen,Texas,75006,855
1241,home,9 Ohio Street,Plano,Texas,,856
1242,home,52 2nd Circle,Dallas,Texas,,857
1243,work,4 Mccormick Court,Addison,Texas,75005,857
1244,home,16 Maryland Center,Richardson,Texas,,858
1245,home,,,,75049,859
1246,work,9520 Schiller Trail,Dallas,Texas,75006,859
1247,home,7 Fairfield Drive,Plano,Texas,75066,860
1248,home,,,,75060,861
1249,home,1295 Warbler Court,Richardson,Texas,75032,862
1250,work,157 Drewry Circle,Richardson,Texas,75008,862
1251,home,93552 Muir Plaza,Dallas,Texas,75059,863
1252,home,8 Stoughton Terrace,Addison,Texas,75096,864
1253,home,2 Rutledge Lane,Allen,Texas,75019,865
1254,home,57250 Butternut Alley,Dallas,Texas,75065,866
1255,work,41 Marquette Pass,Richardson,Texas,75005,867
1256,home,708 Grover Parkway,Allen,Texas,75083,868
1257,work,35864 Village Green Crossing,Richardson,Texas,75001,868
1258,home,,,,75004,869
1259,work,5458 Starling Avenue,Dallas,Texas,75004,869
1260,home,8590 Cardinal Place,Richardson,Texas,,870
1261,work,18664 Ridgeway Court,Addison,Texas,75003,870
1262,home,9 John Wall Terrace,Allen,Texas,75024,871
1263,home,93 Butterfield Center,Allen,Texas,75084,872
1264,home,65458 Glacier Hill Plaza,Dallas,Texas,75064,873
1265,home,2498 Quincy Lane,Dallas,Texas,,874
1266,work,410 Maple Street,Richardson,Texas,75007,874
1267,home,959 Hallows Plaza,Dallas,Texas,75061,875
1268,home,60 Ridgeway Plaza,Addison,Texas,,876
1269,work,67232 Brickson Park Street,Richardson,Texas,75002,876
1270,home,7272 Hayes Point,Allen,Texas,75008,877
1271,home,6 Golf Parkway,Richardson,Texas,75003,878
1272,home,2 Grover Plaza,Richardson,Texas,75038,879
1273,home,17226 Arapahoe Parkway,Richardson,Texas,,880
1274,work,8 Duke Crossing,Richardson,Texas,75007,880
1275,work,7534 Ludington Hill,Allen,Texas,75007,881
1276,home,25 Arrowood Circle,Richardson,Texas,75053,882
1277,work,302 East Center,Dallas,Texas,75008,882
1278,home,9 Springs Circle,Addison,Texas,75021,883
1279,work,18730 Calypso Place,Dallas,Texas,75004,883
1280,home,84964 Division Avenue,Plano,Texas,75022,884
1281,work,10 Delladonna Junction,Plano,Texas,75004,884
1282,home,849 1st Circle,Plano,Texas,,885
1283,home,,,,75038,886
1284,work,5208 Tennyson Alley,Richardson,Texas,75004,886
1285,work,9 Kensington Circle,Addison,Texas,75006,887
1286,home,,,,75019,888
1287,home,84 Schmedeman Lane,Richardson,Texas,75022,889
1288,home,9 Montana Plaza,Dallas,Texas,75061,890
1289,home,,,,75010,891
1290,work,036 Welch Pass,Plano,Texas,75003,891
1291,home,25181 La Follette Place,Dallas,Texas,75056,892
1292,home,,,,75065,893
1293,work,8401 Vidon Center,Richardson,Texas,75008,893
1294,home,8118 Eastlawn Parkway,Allen,Texas,75057,894
1295,work,2076 Vernon Junction,Plano,Texas,75004,894
1296,home,951 Forest Run Plaza,Richardson,Texas,75064,895
1297,home,,,,75013,896
1298,work,933 Lakewood Terrace,Addison,Texas,75006,896
1299,home,5013 Ilene Hill,Dallas,Texas,,897
1300,home,8 Blaine Pass,Addison,Texas,,898
1301,home,9463 Lake View Road,Allen,Texas,75059,899
1302,work,5154 Crowley Drive,Richardson,Texas,75001,899
1303,home,334 Almo Avenue,Dallas,Texas,75070,900
1304,work,719 Onsgard Court,Allen,Texas,75003,900
1305,home,9 Moulton Avenue,Richardson,Texas,75052,901
1306,home,0695 Dakota Terrace,Addison,Texas,75069,902
1307,home,472 Kennedy Road,Addison,Texas,75032,903
1308,work,09 Dexter Center,Addison,Texas,75002,903
1309,home,9772 Eastwood Circle,Richardson,Texas,75080,904
1310,home,08299 Lillian Drive,Allen,Texas,75076,905
1311,work,72162 Pond Park,Addison,Texas,75008,905
1312,home,4 Porter Circle,Addison,Texas,75016,906
1313,work,11901 Mitchell Crossing,Dallas,Texas,75006,906
1314,home,904 Fremont Way,Allen,Texas,75090,907
1315,home,43 Randy Avenue,Richardson,Texas,,908
1316,work,320 Rutledge Trail,Addison,Texas,75005,908
1317,home,87470 Northfield Circle,Allen,Texas,75088,909
1318,work,7539 Meadow Valley Junction,Dallas,Texas,75002,909
1319,home,72792 Donald Avenue,Richardson,Texas,,910
1320,work,37 Sloan Plaza,Richardson,Texas,75004,910
1321,home,3 Walton Point,Plano,Texas,75064,911
1322,home,06 Reinke Point,Addison,Texas,,912
1323,work,78762 Oak Valley Terrace,Richardson,Texas,75002,912
1324,home,,,,75083,913
1325,home,,,,75085,914
1326,home,26218 Prairieview Road,Allen,Texas,,915
1327,work,866 Heffernan Point,Addison,Texas,75005,915
1328,home,5181 Hanson Avenue,Dallas,Texas,75087,916
1329,work,49032 7th Drive,Dallas,Texas,75004,916
1330,home,50 Eastwood Junction,Dallas,Texas,75045,917
1331,work,4 4th Circle,Addison,Texas,75002,917
1332,home,8 Dapin Center,Dallas,Texas,,918
1333,work,9 Loftsgordon Drive,Richardson,Texas,75001,918
1334,home,,,,75009,919
1335,work,26242 Upham Circle,Plano,Texas,75006,919
1336,home,20776 Wayridge Hill,Richardson,Texas,,920
1337,work,66919 Cody Trail,Dallas,Texas,75007,920
1338,home,,,,75006,921
1339,home,34866 Lindbergh Circle,Allen,Texas,75086,922
1340,work,2817 Lukken Pass,Dallas,Texas,75007,922
1341,home,11950 Meadow Ridge Street,Addison,Texas,75086,923
1342,home,634 Dennis Drive,Plano,Texas,75054,924
1343,work,6 Esch Place,Allen,Texas,75007,924
1344,home,6 Steensland Plaza,Plano,Texas,75037,925
1345,work,350 Crowley Lane,Allen,Texas,75001,925
1346,home,0 Haas Alley,Plano,Texas,,926
1347,home,9835 Kropf Terrace,Dallas,Texas,75009,927
1348,work,09 Myrtle Street,Addison,Texas,75003,927
1349,home,,,,75018,928
1350,home,4768 Bay Pass,Richardson,Texas,,929
1351,work,4 Ruskin Alley,Addison,Texas,75001,929
1352,home,93 Lotheville Hill,Allen,Texas,75089,930
1353,work,33594 Debs Road,Dallas,Texas,75004,930
1354,home,9 Longview Pass,Richardson,Texas,,931
1355,work,8467 Dottie Place,Dallas,Texas,75009,931
1356,home,16872 Mosinee Place,Addison,Texas,75033,932
1357,home,5271 Drewry Circle,Plano,Texas,,934
1358,home,64 Morningstar Junction,Allen,Texas,75075,935
1359,work,98238 Sloan Lane,Addison,Texas,75008,935
1360,home,16689 Sunfield Center,Addison,Texas,,936
1361,work,422 Bobwhite Park,Addison,Texas,75009,936
1362,home,8 Granby Junction,Dallas,Texas,75093,937
1363,home,0 Grim Trail,Dallas,Texas,75026,938
1364,work,38 Artisan Junction,Addison,Texas,75008,938
1365,home,306 Graceland Drive,Addison,Texas,75094,939
1366,home,4191 Del Sol Street,Allen,Texas,75049,940
1367,work,8685 Carey Crossing,Plano,Texas,75008,940
1368,home,290 Londonderry Drive,Plano,Texas,,941
1369,home,3 Saint Paul Pass,Allen,Texas,75064,942
1370,home,66 Surrey Circle,Dallas,Texas,75082,943
1371,work,6409 Warner Terrace,Dallas,Texas,75008,943
1372,work,5 Mallard Lane,Addison,Texas,75004,944
1373,home,51 Northridge Court,Addison,Texas,75010,945
1374,home,4 John Wall Park,Plano,Texas,75067,946
1375,work,0 Coolidge Street,Allen,Texas,75003,946
1376,home,,,,75020,947
1377,work,21 Sutherland Road,Dallas,Texas,75008,947
1378,home,88714 Hayes Junction,Addison,Texas,75005,948
1379,work,8615 Emmet Parkway,Allen,Texas,75001,948
1380,home,497 Macpherson Alley,Dallas,Texas,75018,949
1381,work,71460 Meadow Valley Point,Plano,Texas,75001,949
1382,home,06661 Westport Plaza,Plano,Texas,75073,950
1383,home,46513 Granby Lane,Plano,Texas,,951
1384,work,76928 Little Fleur Street,Dallas,Texas,75007,951
1385,home,5 Merry Crossing,Richardson,Texas,75055,952
1386,home,83 Mcguire Plaza,Plano,Texas,75092,953
1387,work,6798 Gale Point,Plano,Texas,75008,953
1388,home,88888 Anthes Park,Allen,Texas,75033,954
1389,work,6 Gale Lane,Addison,Texas,75003,954
1390,home,2167 Village Green Hill,Dallas,Texas,75077,955
1391,home,,,,75074,956
1392,work,5 Weeping Birch Avenue,Dallas,Texas,75008,956
1393,home,336 Petterle Street,Richardson,Texas,75087,957
1394,work,7386 Scott Drive,Dallas,Texas,75003,957
1395,home,1 Ludington Place,Addison,Texas,,958
1396,work,5204 Messerschmidt Avenue,Plano,Texas,75006,958
1397,home,35 Judy Street,Allen,Texas,,959
1398,work,358 Northwestern Hill,Plano,Texas,75007,959
1399,home,,,,75086,960
1400,home,5 Mockingbird Point,Allen,Texas,75006,961
1401,home,,,,75008,962
1402,work,2612 Duke Avenue,Plano,Texas,75004,962
1403,home,5 Harper Crossing,Allen,Texas,75069,963
1404,work,4 Westerfield Court,Plano,Texas,75007,963
1405,home,,,,75032,964
1406,home,768 Brentwood Crossing,Allen,Texas,,965
1407,home,053 Dakota Avenue,Addison,Texas,75073,967
1408,home,31568 Dakota Crossing,Richardson,Texas,75024,968
1409,work,48011 Karstens Circle,Addison,Texas,75001,968
1410,home,489 Quincy Hill,Plano,Texas,75035,969
1411,home,6 Rutledge Parkway,Dallas,Texas,75047,970
1412,home,5452 Walton Junction,Richardson,Texas,75074,971
1413,home,22 Dwight Center,Addison,Texas,75033,972
1414,home,9 Kim Alley,Plano,Texas,75083,973
1415,home,17 Killdeer Parkway,Addison,Texas,75087,974
1416,work,553 Sycamore Way,Dallas,Texas,75001,974
1417,home,70338 Clyde Gallagher Street,Dallas,Texas,75036,975
1418,work,0059 Hoepker Place,Richardson,Texas,75009,975
1419,home,204 Caliangt Way,Dallas,Texas,75049,976
1420,work,89641 Kings Place,Addison,Texas,75001,976
1421,work,8 Hoepker Lane,Plano,Texas,75001,977
1422,home,7637 Burrows Alley,Addison,Texas,75085,978
1423,home,,,,75001,979
1424,work,36884 Milwaukee Street,Dallas,Texas,75007,979
1425,home,0 Colorado Way,Richardson,Texas,,980
1426,home,07151 Anderson Trail,Allen,Texas,75079,981
1427,work,501 Valley Edge Park,Richardson,Texas,75009,981
1428,home,0 Annamark Alley,Allen,Texas,75098,982
1429,home,5 Coleman Lane,Dallas,Texas,75001,983
1430,home,853 5th Terrace,Richardson,Texas,,984
1431,home,46789 Moulton Crossing,Addison,Texas,75099,985
1432,work,2 Elgar Place,Plano,Texas,75006,985
1433,home,1 Thierer Drive,Richardson,Texas,75017,987
1434,work,161 Katie Drive,Addison,Texas,75009,987
1435,home,7 Brown Hill,Addison,Texas,75077,988
1436,work,86 Meadow Vale Park,Plano,Texas,75001,988
1437,home,8 Huxley Junction,Plano,Texas,75029,989
1438,home,70 Del Mar Junction,Plano,Texas,75062,990
1439,work,0 Lillian Alley,Addison,Texas,75005,990
1440,home,5228 Commercial Crossing,Allen,Texas,,991
1441,work,67 Continental Hill,Dallas,Texas,75008,991
1442,home,5 Blue Bill Park Street,Plano,Texas,75003,992
1443,work,72701 Morningstar Way,Dallas,Texas,75005,992
1444,home,51469 Becker Point,Dallas,Texas,75014,993
1445,home,583 Manufacturers Avenue,Richardson,Texas,,994
1446,work,38 Shoshone Terrace,Dallas,Texas,75006,994
1447,home,0648 Lakewood Street,Plano,Texas,75006,995
1448,home,13 Main Way,Addison,Texas,75089,996
1449,work,46412 Vahlen Park,Addison,Texas,75007,996
1450,home,782 Lighthouse Bay Pass,Allen,Texas,75060,997
1451,work,3 Pennsylvania Terrace,Addison,Texas,75009,997
1452,home,008 Ryan Center,Plano,Texas,,998
1453,work,67720 Myrtle Parkway,Dallas,Texas,75005,998
1454,home,5729 Farragut Plaza,Dallas,Texas,75079,999
1455,home,18201 Novick Circle,Richardson,Texas,75037,1000
